{
  "strike": 676.0,
  "base_strike": 677.0,
  "call_symbol": "SPY260311C676000.US",
  "put_symbol": "SPY260311P676000.US",
  "call_price": 1.6349999999999998,
  "put_price": 1.185,
  "timestamp": "2026-03-11T13:07:42.261168-04:00",
  "accumulated_factor": {
    "c": 0.3392353358254396,
    "p": 0.4589540068601922,
    "s": 1.0815911884957472
  },
  "accumulated_offset": {
    "c": -0.6607646641745604,
    "p": -0.5410459931398077,
    "s": 0.0815911884957472
  }
}