{
  "strike": 666.0,
  "base_strike": 666.0,
  "call_symbol": "SPY260313C666000.US",
  "put_symbol": "SPY260313P666000.US",
  "call_price": 1.995,
  "put_price": 2.0999999999999996,
  "timestamp": "2026-03-13T11:09:02.160510-04:00",
  "accumulated_factor": {
    "c": 1.0,
    "p": 1.0,
    "s": 1.0
  },
  "accumulated_offset": {
    "c": 0.0,
    "p": 0.0,
    "s": 0.0
  }
}