{
  "strike": 672.0,
  "base_strike": 681.0,
  "call_symbol": "SPY260306C672000.US",
  "put_symbol": "SPY260306P672000.US",
  "call_price": 0.585,
  "put_price": 1.1150000000000002,
  "timestamp": "2026-03-06T15:37:36.783756-05:00",
  "accumulated_offset": {
    "c": -1.3592250316241277,
    "p": 0.9484824555443385,
    "s": 0.0011776747792923703
  }
}