{
  "strike": 663.0,
  "base_strike": 666.0,
  "call_symbol": "SPY260313C663000.US",
  "put_symbol": "SPY260313P663000.US",
  "call_price": 2.2350000000000003,
  "put_price": 1.855,
  "timestamp": "2026-03-13T11:44:18.937247-04:00",
  "accumulated_factor": {
    "c": 0.468671679197995,
    "p": 1.692857142857143,
    "s": 1.0964590964590966
  },
  "accumulated_offset": {
    "c": -0.531328320802005,
    "p": 0.6928571428571431,
    "s": 0.09645909645909656
  }
}