{
  "strike": 678.0,
  "base_strike": 670.0,
  "call_symbol": "SPY260309C678000.US",
  "put_symbol": "SPY260309P678000.US",
  "call_price": 1.41,
  "put_price": 0.965,
  "timestamp": "2026-03-09T15:35:19.087203-04:00",
  "accumulated_factor": {
    "c": 12.164491375352528,
    "p": 0.04143824078894984,
    "s": 4.316943127962086
  },
  "accumulated_offset": {
    "c": 11.164491375352528,
    "p": -0.9585617592110501,
    "s": 3.3169431279620856
  }
}