{
  "strike": 673.0,
  "base_strike": 681.0,
  "call_symbol": "SPY260306C673000.US",
  "put_symbol": "SPY260306P673000.US",
  "call_price": 1.645,
  "put_price": 2.3899999999999997,
  "timestamp": "2026-03-06T12:42:24.702029-05:00",
  "accumulated_offset": {
    "c": -0.7693165895892896,
    "p": -0.04591461448765727,
    "s": -0.1826491424550788
  }
}