{
  "strike": 667.0,
  "base_strike": 670.0,
  "call_symbol": "SPY260312C667000.US",
  "put_symbol": "SPY260312P667000.US",
  "call_price": 0.385,
  "put_price": 0.655,
  "timestamp": "2026-03-12T15:49:35.559885-04:00",
  "accumulated_factor": {
    "c": 0.008028397428882995,
    "p": 0.9568321674095989,
    "s": 0.6652543123871479
  },
  "accumulated_offset": {
    "c": -0.991971602571117,
    "p": -0.043167832590401134,
    "s": -0.33474568761285206
  }
}