{
  "strike": 674.0,
  "base_strike": 677.0,
  "call_symbol": "SPY260311C674000.US",
  "put_symbol": "SPY260311P674000.US",
  "call_price": 2.225,
  "put_price": 1.795,
  "timestamp": "2026-03-11T11:31:11.589271-04:00",
  "accumulated_factor": {
    "c": 0.2524410107731114,
    "p": 1.4843647609262067,
    "s": 1.2265152546552616
  },
  "accumulated_offset": {
    "c": -0.7475589892268886,
    "p": 0.4843647609262067,
    "s": 0.22651525465526157
  }
}