{
  "strike": 676.0,
  "base_strike": 681.0,
  "call_symbol": "SPY260306C676000.US",
  "put_symbol": "SPY260306P676000.US",
  "call_price": 1.4449999999999998,
  "put_price": 1.745,
  "timestamp": "2026-03-06T13:14:35.441372-05:00",
  "accumulated_offset": {
    "c": 0.2945131976447529,
    "p": -0.7530275851989543,
    "s": -0.16777925397924245
  }
}