{
  "strike": 678.0,
  "base_strike": 678.0,
  "call_symbol": "SPY260310C678000.US",
  "put_symbol": "SPY260310P678000.US",
  "call_price": 2.2649999999999997,
  "put_price": 1.295,
  "timestamp": "2026-03-10T14:18:19.193167-04:00",
  "accumulated_factor": {
    "c": 0.5572947957765361,
    "p": 0.47635857664445796,
    "s": 1.1542380059342996
  },
  "accumulated_offset": {
    "c": -0.44270520422346393,
    "p": -0.523641423355542,
    "s": 0.1542380059342996
  }
}