{
  "strike": 675.0,
  "base_strike": 681.0,
  "call_symbol": "SPY260306C675000.US",
  "put_symbol": "SPY260306P675000.US",
  "call_price": 2.2199999999999998,
  "put_price": 2.495,
  "timestamp": "2026-03-06T10:32:03.887849-05:00",
  "accumulated_offset": {
    "c": -0.16796523823793827,
    "p": -0.49080439404677545,
    "s": -0.13492910003726338
  }
}